<?xml version="1.0" encoding="UTF-8"?><rss version="2.0"
	xmlns:content="http://purl.org/rss/1.0/modules/content/"
	xmlns:dc="http://purl.org/dc/elements/1.1/"
	xmlns:atom="http://www.w3.org/2005/Atom"
	xmlns:sy="http://purl.org/rss/1.0/modules/syndication/"
	
	>
<channel>
	<title>
	Comments on: Career Success Blueprint Session	</title>
	<atom:link href="/2024/11/14/career-success-blueprint-session/feed/" rel="self" type="application/rss+xml" />
	<link>/2024/11/14/career-success-blueprint-session/</link>
	<description></description>
	<lastBuildDate>Thu, 14 Nov 2024 12:09:51 +0000</lastBuildDate>
	<sy:updatePeriod>
	hourly	</sy:updatePeriod>
	<sy:updateFrequency>
	1	</sy:updateFrequency>
	<generator>https://wordpress.org/?v=6.7</generator>
</channel>
</rss>
