<?xml version="1.0" encoding="UTF-8"?><rss version="2.0"
	xmlns:content="http://purl.org/rss/1.0/modules/content/"
	xmlns:wfw="http://wellformedweb.org/CommentAPI/"
	xmlns:dc="http://purl.org/dc/elements/1.1/"
	xmlns:atom="http://www.w3.org/2005/Atom"
	xmlns:sy="http://purl.org/rss/1.0/modules/syndication/"
	xmlns:slash="http://purl.org/rss/1.0/modules/slash/"
	>

<channel>
	<title>ecommerce</title>
	<atom:link href="/feed/" rel="self" type="application/rss+xml" />
	<link></link>
	<description></description>
	<lastBuildDate>Thu, 14 Nov 2024 12:09:51 +0000</lastBuildDate>
	<language>en-US</language>
	<sy:updatePeriod>
	hourly	</sy:updatePeriod>
	<sy:updateFrequency>
	1	</sy:updateFrequency>
	<generator>https://wordpress.org/?v=6.7</generator>
	<item>
		<title>Modern Glamour – E-book by Kate Spade</title>
		<link>/2024/11/14/modern-glamour-e-book-by-kate-spade/</link>
					<comments>/2024/11/14/modern-glamour-e-book-by-kate-spade/#respond</comments>
		
		<dc:creator><![CDATA[admin]]></dc:creator>
		<pubDate>Thu, 14 Nov 2024 08:38:41 +0000</pubDate>
				<category><![CDATA[Design]]></category>
		<category><![CDATA[Fashion]]></category>
		<category><![CDATA[Decor]]></category>
		<guid isPermaLink="false">/?p=196</guid>

					<description><![CDATA[Kate Spade, renowned for her vibrant and playful designs, brings her signature style to her latest e-book, &#8220;Modern Glamour.&#8221; This...]]></description>
										<content:encoded><![CDATA[<p>Kate Spade, renowned for her vibrant and playful designs, brings her signature style to her latest e-book, &#8220;Modern Glamour.&#8221; This stylish guide offers a glimpse into the world of Kate Spade, providing inspiration and practical tips for creating a beautiful and functional home.</p><figure class="wp-block-image size-full is-resized"><img fetchpriority="high" decoding="async" width="1024" height="1024" src="/wp-content/uploads/2024/11/f52d0bc8-cc44-4e93-99a6-1d582edb002f_1024.jpeg" alt="" class="wp-image-98" style="object-fit:cover;width:600px;height:600px" srcset="/wp-content/uploads/2024/11/f52d0bc8-cc44-4e93-99a6-1d582edb002f_1024.jpeg 1024w, /wp-content/uploads/2024/11/f52d0bc8-cc44-4e93-99a6-1d582edb002f_1024-300x300.jpeg 300w, /wp-content/uploads/2024/11/f52d0bc8-cc44-4e93-99a6-1d582edb002f_1024-100x100.jpeg 100w, /wp-content/uploads/2024/11/f52d0bc8-cc44-4e93-99a6-1d582edb002f_1024-600x600.jpeg 600w, /wp-content/uploads/2024/11/f52d0bc8-cc44-4e93-99a6-1d582edb002f_1024-150x150.jpeg 150w, /wp-content/uploads/2024/11/f52d0bc8-cc44-4e93-99a6-1d582edb002f_1024-768x768.jpeg 768w, /wp-content/uploads/2024/11/f52d0bc8-cc44-4e93-99a6-1d582edb002f_1024-50x50.jpeg 50w" sizes="(max-width: 1024px) 100vw, 1024px" /></figure><p>The e-book explores various aspects of interior design, from color palettes and patterns to furniture and accessories. It also delves into lifestyle topics such as fashion, beauty, and entertaining.</p><p>With stunning visuals and expert advice, &#8220;Modern Glamour&#8221; empowers readers to elevate their everyday lives. Whether you&#8217;re a seasoned design enthusiast or a beginner, this e-book is a must-have for anyone seeking to infuse their home and life with a touch of Kate Spade&#8217;s signature glamour.</p>]]></content:encoded>
					
					<wfw:commentRss>/2024/11/14/modern-glamour-e-book-by-kate-spade/feed/</wfw:commentRss>
			<slash:comments>0</slash:comments>
		
		
			</item>
		<item>
		<title>Career Success Blueprint Session</title>
		<link>/2024/11/14/career-success-blueprint-session/</link>
					<comments>/2024/11/14/career-success-blueprint-session/#respond</comments>
		
		<dc:creator><![CDATA[admin]]></dc:creator>
		<pubDate>Thu, 14 Nov 2024 08:28:01 +0000</pubDate>
				<category><![CDATA[Career Suceess]]></category>
		<category><![CDATA[Uncategorized]]></category>
		<category><![CDATA[Virtual Session]]></category>
		<category><![CDATA[Career Success Blueprint]]></category>
		<guid isPermaLink="false">/?p=193</guid>

					<description><![CDATA[10 Key Points for a Career Success Blueprint 1. Self-Awareness and Goal Setting: 2. Continuous Learning and Skill Development: 3....]]></description>
										<content:encoded><![CDATA[<h2 class="wp-block-heading">10 Key Points for a Career Success Blueprint</h2><p><strong>1. Self-Awareness and Goal Setting:</strong></p><ul class="wp-block-list"><li>Understand your strengths, weaknesses, passions, and values.</li>

<li>Set clear, achievable career goals, both short-term and long-term.</li></ul><p><strong>2. Continuous Learning and Skill Development:</strong></p><ul class="wp-block-list"><li>Embrace lifelong learning and stay updated with industry trends.</li>

<li>Acquire new skills and enhance existing ones through courses, workshops, or certifications.</li></ul><p><strong>3. Networking and Building Relationships:</strong></p><ul class="wp-block-list"><li>Build and maintain strong professional relationships with colleagues, mentors, and industry experts.</li>

<li>Attend industry events, conferences, and online forums to expand your network.</li></ul><p><strong>4. Effective Communication and Interpersonal Skills:</strong></p><ul class="wp-block-list"><li>Develop strong communication skills, both verbal and written.</li>

<li>Cultivate effective listening, empathy, and negotiation skills.</li></ul><p><strong>5. Adaptability and Resilience:</strong></p><ul class="wp-block-list"><li>Embrace change and be willing to adapt to new situations and challenges.</li>

<li>Develop resilience to overcome setbacks and maintain a positive mindset.</li></ul><p><strong>6. Time Management and Prioritization:</strong></p><ul class="wp-block-list"><li>Effectively manage your time and prioritize tasks to maximize productivity.</li>

<li>Use time management techniques like time blocking and the Pomodoro Technique.</li></ul><p><strong>7. Positive Mindset and Mental Health:</strong></p><ul class="wp-block-list"><li>Cultivate a positive mindset and practice gratitude to boost motivation and resilience.</li>

<li>Prioritize mental health by taking breaks, practicing mindfulness, and seeking support when needed.</li></ul><p><strong>8. Professional Development and Mentorship:</strong></p><ul class="wp-block-list"><li>Seek out mentors and coaches to guide your career path.</li>

<li>Actively participate in professional development opportunities, such as workshops, conferences, and webinars.</li></ul><p><strong>9. Work-Life Balance:</strong></p><ul class="wp-block-list"><li>Set boundaries between work and personal life to maintain a healthy balance.</li>

<li>Prioritize self-care activities, such as hobbies, exercise, and spending time with loved ones.</li></ul><p><strong>10. Financial Planning and Security:</strong></p><ul class="wp-block-list"><li>Create a financial plan to achieve your long-term goals.</li>

<li>Invest in retirement savings, emergency funds, and other financial instruments.</li></ul><figure class="wp-block-image size-large"><img decoding="async" width="1024" height="1024" src="/wp-content/uploads/2024/11/Career-Success-Blueprint-1024x1024.jpg" alt="" class="wp-image-140" srcset="/wp-content/uploads/2024/11/Career-Success-Blueprint-1024x1024.jpg 1024w, /wp-content/uploads/2024/11/Career-Success-Blueprint-300x300.jpg 300w, /wp-content/uploads/2024/11/Career-Success-Blueprint-100x100.jpg 100w, /wp-content/uploads/2024/11/Career-Success-Blueprint-600x600.jpg 600w, /wp-content/uploads/2024/11/Career-Success-Blueprint-150x150.jpg 150w, /wp-content/uploads/2024/11/Career-Success-Blueprint-768x768.jpg 768w, /wp-content/uploads/2024/11/Career-Success-Blueprint-50x50.jpg 50w, /wp-content/uploads/2024/11/Career-Success-Blueprint.jpg 1080w" sizes="(max-width: 1024px) 100vw, 1024px" /></figure><p></p>]]></content:encoded>
					
					<wfw:commentRss>/2024/11/14/career-success-blueprint-session/feed/</wfw:commentRss>
			<slash:comments>0</slash:comments>
		
		
			</item>
	</channel>
</rss>
